feature,coefficient
year_of_completion,-23396.51306824109
building_age,-22973.866073681507
exclusive_use_area,719.6787482125496
floor,523.9094351490035
transaction_year_month,240.77884287180942
pyeong,217.70184168116162
