feature,coefficient
exclusive_use_area,22432.997442992797
building_age,3867.6854713058433
floor,3103.2014804116634
transaction_year_month,2025.1251852243374
